-- phpMyAdmin SQL Dump
-- version 5.2.1
-- https://www.phpmyadmin.net/
--
-- Host: 127.0.0.1
-- Generation Time: Dec 17, 2023 at 10:46 AM
-- Server version: 10.4.32-MariaDB
-- PHP Version: 8.0.30

SET SQL_MODE = "NO_AUTO_VALUE_ON_ZERO";
START TRANSACTION;
SET time_zone = "+00:00";


/*!40101 SET @OLD_CHARACTER_SET_CLIENT=@@CHARACTER_SET_CLIENT */;
/*!40101 SET @OLD_CHARACTER_SET_RESULTS=@@CHARACTER_SET_RESULTS */;
/*!40101 SET @OLD_COLLATION_CONNECTION=@@COLLATION_CONNECTION */;
/*!40101 SET NAMES utf8mb4 */;

--
-- Database: `task_manager_db`
--

-- --------------------------------------------------------

--
-- Table structure for table `attendance_info`
--

CREATE TABLE `attendance_info` (
  `aten_id` int(20) NOT NULL,
  `atn_user_id` int(20) NOT NULL,
  `in_time` varchar(200) DEFAULT NULL,
  `out_time` varchar(150) DEFAULT NULL,
  `total_duration` varchar(100) DEFAULT NULL
) ENGINE=MyISAM DEFAULT CHARSET=utf8 COLLATE=utf8_general_ci;

--
-- Dumping data for table `attendance_info`
--

INSERT INTO `attendance_info` (`aten_id`, `atn_user_id`, `in_time`, `out_time`, `total_duration`) VALUES
(38, 18, '22-03-2021 13:51:01', NULL, NULL),
(35, 17, '22-03-2021 11:37:44', NULL, NULL),
(37, 21, '22-03-2021 13:49:26', NULL, NULL),
(39, 23, '22-03-2021 13:51:51', NULL, NULL),
(40, 20, '22-03-2021 13:52:24', '15-12-2023 20:45:51', '06:53:27'),
(41, 25, '22-03-2021 15:09:00', '15-12-2023 18:44:51', '03:35:51'),
(42, 1, '22-03-2021 22:01:43', '15-12-2023 20:45:49', '22:44:06'),
(43, 25, '15-12-2023 18:44:52', '15-12-2023 19:00:11', '00:15:19'),
(44, 25, '15-12-2023 19:00:13', '15-12-2023 19:00:15', '00:00:02'),
(45, 25, '15-12-2023 19:01:15', '15-12-2023 19:02:28', '00:01:13'),
(47, 25, '15-12-2023 23:33:40', NULL, NULL);

-- --------------------------------------------------------

--
-- Table structure for table `chat`
--

CREATE TABLE `chat` (
  `chat_room_id` int(11) NOT NULL,
  `chatid` int(11) NOT NULL,
  `chat_msg` varchar(100) NOT NULL,
  `userid` int(11) NOT NULL,
  `chat_date` datetime NOT NULL
) ENGINE=InnoDB DEFAULT CHARSET=latin1 COLLATE=latin1_swedish_ci;

--
-- Dumping data for table `chat`
--

INSERT INTO `chat` (`chat_room_id`, `chatid`, `chat_msg`, `userid`, `chat_date`) VALUES
(1, 40, 'hi', 25, '2017-08-30 14:31:43'),
(1, 41, 'hello', 1, '2017-08-30 14:32:01'),
(1, 42, 'how are you?', 25, '2017-08-30 14:32:31'),
(1, 51, 'goodmorning', 25, '2023-12-17 01:04:55'),
(1, 52, 'i\\\'m fine. DO YOU TASKS!!', 1, '2023-12-17 01:05:53'),
(1, 53, 'GOT IT?!', 1, '2023-12-17 01:06:09'),
(1, 54, 'hello', 1, '2023-12-17 13:53:41'),
(1, 55, 'complete all of the tasks', 1, '2023-12-17 14:49:06'),
(1, 56, 'clock out', 1, '2023-12-17 15:59:35');

-- --------------------------------------------------------

--
-- Table structure for table `chat_room`
--

CREATE TABLE `chat_room` (
  `chat_room_id` int(11) NOT NULL,
  `chat_room_name` varchar(50) NOT NULL
) ENGINE=InnoDB DEFAULT CHARSET=latin1 COLLATE=latin1_swedish_ci;

--
-- Dumping data for table `chat_room`
--

INSERT INTO `chat_room` (`chat_room_id`, `chat_room_name`) VALUES
(1, 'Employee Chat Room');

-- --------------------------------------------------------

--
-- Table structure for table `task_info`
--

CREATE TABLE `task_info` (
  `task_id` int(50) NOT NULL,
  `t_title` varchar(120) NOT NULL,
  `t_description` text DEFAULT NULL,
  `t_start_time` varchar(100) DEFAULT NULL,
  `t_end_time` varchar(100) DEFAULT NULL,
  `t_user_id` int(20) NOT NULL,
  `status` int(11) NOT NULL DEFAULT 0 COMMENT '0 = incomplete, 1 = In progress, 2 = complete'
) ENGINE=MyISAM DEFAULT CHARSET=utf8 COLLATE=utf8_general_ci;

--
-- Dumping data for table `task_info`
--

INSERT INTO `task_info` (`task_id`, `t_title`, `t_description`, `t_start_time`, `t_end_time`, `t_user_id`, `status`) VALUES
(20, 'Communications', 'You\'re assigned to handle incoming calls and other communications within the office.', '2021-03-22 12:00', '2021-03-22 13:00', 17, 2),
(21, 'Filing', 'You\'re assigned to management of filing system.', '2021-03-22 10:00', '2021-03-22 15:10', 22, 0),
(23, 'Data Entry', 'Go through some data!', '2021-03-22 14:00', '2021-03-22 17:00', 25, 1),
(25, 'Documentation', 'make a documentation of the recent transactions', '2023-12-15 12:00', '2023-12-16 12:00', 25, 0);

-- --------------------------------------------------------

--
-- Table structure for table `tbl_admin`
--

CREATE TABLE `tbl_admin` (
  `user_id` int(20) NOT NULL,
  `fullname` varchar(120) NOT NULL,
  `username` varchar(100) NOT NULL,
  `email` varchar(100) NOT NULL,
  `password` varchar(100) NOT NULL,
  `temp_password` varchar(100) DEFAULT NULL,
  `user_role` int(10) NOT NULL
) ENGINE=MyISAM DEFAULT CHARSET=utf8 COLLATE=utf8_general_ci;

--
-- Dumping data for table `tbl_admin`
--

INSERT INTO `tbl_admin` (`user_id`, `fullname`, `username`, `email`, `password`, `temp_password`, `user_role`) VALUES
(1, 'Admin', '@admin', 'admin@gmail.com', 'e698f2679be5ba5c9c0b0031cb5b057c', NULL, 1),
(17, 'Henry Gonzalez', 'henry', 'henry@gmail.com', '5f4dcc3b5aa765d61d8327deb882cf99', '', 2),
(18, 'Christine Randolph', 'christine', 'christine0@gmail.com', '5f4dcc3b5aa765d61d8327deb882cf99', '', 2),
(19, 'Thomas Yorke', 'thomas', 'thomasrh@gmail.com', 'd19cbde3f7ae39d1ac027dd5319ff687', '7301941', 2),
(20, 'Elijah Jones', 'elijah', 'elijah.jns@gmail.com', '5f4dcc3b5aa765d61d8327deb882cf99', '', 2),
(21, 'Jacob Miller', 'jacob', 'miller.jacob96@gmail.com', '5f4dcc3b5aa765d61d8327deb882cf99', '', 2),
(22, 'Isabella Moore', 'isabella', 'mooreisa@gmail.com', 'd03b2612e88338d193a0ff05c3216053', '7329407', 2),
(23, 'Harry Denn', 'harryden', 'harryden@gmail.com', '5f4dcc3b5aa765d61d8327deb882cf99', '', 2),
(24, 'Ava Anderson', 'ava', 'avason@gmail.com', '789395abc72a025db1604582f52af520', '5876160', 2),
(25, 'Logan Smith', 'logan', 'logansmith@gmail.com', '5f4dcc3b5aa765d61d8327deb882cf99', '', 2);

--
-- Indexes for dumped tables
--

--
-- Indexes for table `attendance_info`
--
ALTER TABLE `attendance_info`
  ADD PRIMARY KEY (`aten_id`);

--
-- Indexes for table `chat`
--
ALTER TABLE `chat`
  ADD PRIMARY KEY (`chatid`);

--
-- Indexes for table `chat_room`
--
ALTER TABLE `chat_room`
  ADD PRIMARY KEY (`chat_room_id`);

--
-- Indexes for table `task_info`
--
ALTER TABLE `task_info`
  ADD PRIMARY KEY (`task_id`);

--
-- Indexes for table `tbl_admin`
--
ALTER TABLE `tbl_admin`
  ADD PRIMARY KEY (`user_id`);

--
-- AUTO_INCREMENT for dumped tables
--

--
-- AUTO_INCREMENT for table `attendance_info`
--
ALTER TABLE `attendance_info`
  MODIFY `aten_id` int(20) NOT NULL AUTO_INCREMENT, AUTO_INCREMENT=48;

--
-- AUTO_INCREMENT for table `chat`
--
ALTER TABLE `chat`
  MODIFY `chatid` int(11) NOT NULL AUTO_INCREMENT, AUTO_INCREMENT=57;

--
-- AUTO_INCREMENT for table `chat_room`
--
ALTER TABLE `chat_room`
  MODIFY `chat_room_id` int(11) NOT NULL AUTO_INCREMENT, AUTO_INCREMENT=2;

--
-- AUTO_INCREMENT for table `task_info`
--
ALTER TABLE `task_info`
  MODIFY `task_id` int(50) NOT NULL AUTO_INCREMENT, AUTO_INCREMENT=26;

--
-- AUTO_INCREMENT for table `tbl_admin`
--
ALTER TABLE `tbl_admin`
  MODIFY `user_id` int(20) NOT NULL AUTO_INCREMENT, AUTO_INCREMENT=27;
COMMIT;

/*!40101 SET CHARACTER_SET_CLIENT=@OLD_CHARACTER_SET_CLIENT */;
/*!40101 SET CHARACTER_SET_RESULTS=@OLD_CHARACTER_SET_RESULTS */;
/*!40101 SET COLLATION_CONNECTION=@OLD_COLLATION_CONNECTION */;
